[{"pk": 22, "model": "auth.permission", "fields": {"codename": "add_activity_page", "name": "Can add activity_ page", "content_type": 8}}, {"pk": 23, "model": "auth.permission", "fields": {"codename": "change_activity_page", "name": "Can change activity_ page", "content_type": 8}}, {"pk": 24, "model": "auth.permission", "fields": {"codename": "delete_activity_page", "name": "Can delete activity_ page", "content_type": 8}}, {"pk": 25, "model": "auth.permission", "fields": {"codename": "add_activity_page_user", "name": "Can add activity_ page_ user", "content_type": 9}}, {"pk": 26, "model": "auth.permission", "fields": {"codename": "change_activity_page_user", "name": "Can change activity_ page_ user", "content_type": 9}}, {"pk": 27, "model": "auth.permission", "fields": {"codename": "delete_activity_page_user", "name": "Can delete activity_ page_ user", "content_type": 9}}, {"pk": 37, "model": "auth.permission", "fields": {"codename": "add_comment", "name": "Can add comment", "content_type": 13}}, {"pk": 38, "model": "auth.permission", "fields": {"codename": "change_comment", "name": "Can change comment", "content_type": 13}}, {"pk": 39, "model": "auth.permission", "fields": {"codename": "delete_comment", "name": "Can delete comment", "content_type": 13}}, {"pk": 34, "model": "auth.permission", "fields": {"codename": "add_event_post", "name": "Can add event_ post", "content_type": 12}}, {"pk": 35, "model": "auth.permission", "fields": {"codename": "change_event_post", "name": "Can change event_ post", "content_type": 12}}, {"pk": 36, "model": "auth.permission", "fields": {"codename": "delete_event_post", "name": "Can delete event_ post", "content_type": 12}}, {"pk": 28, "model": "auth.permission", "fields": {"codename": "add_post", "name": "Can add post", "content_type": 10}}, {"pk": 29, "model": "auth.permission", "fields": {"codename": "change_post", "name": "Can change post", "content_type": 10}}, {"pk": 30, "model": "auth.permission", "fields": {"codename": "delete_post", "name": "Can delete post", "content_type": 10}}, {"pk": 31, "model": "auth.permission", "fields": {"codename": "add_text_post", "name": "Can add text_ post", "content_type": 11}}, {"pk": 32, "model": "auth.permission", "fields": {"codename": "change_text_post", "name": "Can change text_ post", "content_type": 11}}, {"pk": 33, "model": "auth.permission", "fields": {"codename": "delete_text_post", "name": "Can delete text_ post", "content_type": 11}}, {"pk": 46, "model": "auth.permission", "fields": {"codename": "add_userprofile", "name": "Can add user profile", "content_type": 16}}, {"pk": 47, "model": "auth.permission", "fields": {"codename": "change_userprofile", "name": "Can change user profile", "content_type": 16}}, {"pk": 48, "model": "auth.permission", "fields": {"codename": "delete_userprofile", "name": "Can delete user profile", "content_type": 16}}, {"pk": 40, "model": "auth.permission", "fields": {"codename": "add_logentry", "name": "Can add log entry", "content_type": 14}}, {"pk": 41, "model": "auth.permission", "fields": {"codename": "change_logentry", "name": "Can change log entry", "content_type": 14}}, {"pk": 42, "model": "auth.permission", "fields": {"codename": "delete_logentry", "name": "Can delete log entry", "content_type": 14}}, {"pk": 4, "model": "auth.permission", "fields": {"codename": "add_group", "name": "Can add group", "content_type": 2}}, {"pk": 5, "model": "auth.permission", "fields": {"codename": "change_group", "name": "Can change group", "content_type": 2}}, {"pk": 6, "model": "auth.permission", "fields": {"codename": "delete_group", "name": "Can delete group", "content_type": 2}}, {"pk": 10, "model": "auth.permission", "fields": {"codename": "add_message", "name": "Can add message", "content_type": 4}}, {"pk": 11, "model": "auth.permission", "fields": {"codename": "change_message", "name": "Can change message", "content_type": 4}}, {"pk": 12, "model": "auth.permission", "fields": {"codename": "delete_message", "name": "Can delete message", "content_type": 4}}, {"pk": 1, "model": "auth.permission", "fields": {"codename": "add_permission", "name": "Can add permission", "content_type": 1}}, {"pk": 2, "model": "auth.permission", "fields": {"codename": "change_permission", "name": "Can change permission", "content_type": 1}}, {"pk": 3, "model": "auth.permission", "fields": {"codename": "delete_permission", "name": "Can delete permission", "content_type": 1}}, {"pk": 7, "model": "auth.permission", "fields": {"codename": "add_user", "name": "Can add user", "content_type": 3}}, {"pk": 8, "model": "auth.permission", "fields": {"codename": "change_user", "name": "Can change user", "content_type": 3}}, {"pk": 9, "model": "auth.permission", "fields": {"codename": "delete_user", "name": "Can delete user", "content_type": 3}}, {"pk": 13, "model": "auth.permission", "fields": {"codename": "add_contenttype", "name": "Can add content type", "content_type": 5}}, {"pk": 14, "model": "auth.permission", "fields": {"codename": "change_contenttype", "name": "Can change content type", "content_type": 5}}, {"pk": 15, "model": "auth.permission", "fields": {"codename": "delete_contenttype", "name": "Can delete content type", "content_type": 5}}, {"pk": 16, "model": "auth.permission", "fields": {"codename": "add_session", "name": "Can add session", "content_type": 6}}, {"pk": 17, "model": "auth.permission", "fields": {"codename": "change_session", "name": "Can change session", "content_type": 6}}, {"pk": 18, "model": "auth.permission", "fields": {"codename": "delete_session", "name": "Can delete session", "content_type": 6}}, {"pk": 19, "model": "auth.permission", "fields": {"codename": "add_site", "name": "Can add site", "content_type": 7}}, {"pk": 20, "model": "auth.permission", "fields": {"codename": "change_site", "name": "Can change site", "content_type": 7}}, {"pk": 21, "model": "auth.permission", "fields": {"codename": "delete_site", "name": "Can delete site", "content_type": 7}}, {"pk": 43, "model": "auth.permission", "fields": {"codename": "add_migrationhistory", "name": "Can add migration history", "content_type": 15}}, {"pk": 44, "model": "auth.permission", "fields": {"codename": "change_migrationhistory", "name": "Can change migration history", "content_type": 15}}, {"pk": 45, "model": "auth.permission", "fields": {"codename": "delete_migrationhistory", "name": "Can delete migration history", "content_type": 15}}, {"pk": 1, "model": "auth.user", "fields": {"username": "rui", "first_name": "", "last_name": "", "is_active": true, "is_superuser": true, "is_staff": true, "last_login": "2012-02-16 23:26:01", "groups": [], "user_permissions": [], "password": "sha1$8d136$a1dee6d9cebc0de82b64f898896ed45a3eff9135", "email": "ruixia21@umail.iu.edu", "date_joined": "2012-02-16 11:27:58"}}, {"pk": 2, "model": "auth.user", "fields": {"username": "ruixia", "first_name": "", "last_name": "", "is_active": true, "is_superuser": true, "is_staff": true, "last_login": "2012-02-20 15:34:07", "groups": [], "user_permissions": [], "password": "sha1$de100$de7cf2a8f3809ab7e0bfa92361e0b2d7c7cff904", "email": "ruixia@umail.iu.edu", "date_joined": "2012-02-16 12:17:22"}}, {"pk": 3, "model": "auth.user", "fields": {"username": "zz", "first_name": "", "last_name": "", "is_active": false, "is_superuser": false, "is_staff": false, "last_login": "2012-02-19 13:36:21", "groups": [], "user_permissions": [], "password": "sha1$1f914$e453baee9a9bdc946fde934706127ee02e1b4136", "email": "zz@umail.iu.edu", "date_joined": "2012-02-19 13:36:21"}}, {"pk": 4, "model": "auth.user", "fields": {"username": "o", "first_name": "", "last_name": "", "is_active": false, "is_superuser": false, "is_staff": false, "last_login": "2012-02-19 13:40:16", "groups": [], "user_permissions": [], "password": "sha1$afce5$7403ae6731a31b227c6999140f29dc2265d52a89", "email": "o@umail.iu.edu", "date_joined": "2012-02-19 13:40:16"}}, {"pk": 5, "model": "auth.user", "fields": {"username": "qq", "first_name": "", "last_name": "", "is_active": true, "is_superuser": false, "is_staff": false, "last_login": "2012-02-19 18:01:40", "groups": [], "user_permissions": [], "password": "sha1$ea86d$296df8f367355a8bc254dcdf63e07b1540516bb0", "email": "qq@umail.iu.edu", "date_joined": "2012-02-19 13:45:24"}}, {"pk": 6, "model": "auth.user", "fields": {"username": "i", "first_name": "", "last_name": "", "is_active": true, "is_superuser": false, "is_staff": false, "last_login": "2012-02-19 15:13:19", "groups": [], "user_permissions": [], "password": "sha1$f9987$3fec4172890401236f5848125ed2be8a6a8ccae1", "email": "i@umail.iu.edu", "date_joined": "2012-02-19 14:46:04"}}, {"pk": "1bb3acecf6cccb082eb0e3e35a73318e", "model": "sessions.session", "fields": {"expire_date": "2012-03-04 13:46:01", "session_data": "YzEyOTQzMDc2MjhjZjRmYmRlNjVkNzYwMjFmYTAyOWI2NDdkYzRlZjqAAn1xAShVEl9hdXRoX3Vz\nZXJfYmFja2VuZHECVT1kamFuZ29fYWN0aXZpdHkuYWN0aXZpdHkuYmFja2VuZHMuRW1haWxPclVz\nZXJuYW1lTW9kZWxCYWNrZW5kcQNVDV9hdXRoX3VzZXJfaWRxBEsCdS4=\n"}}, {"pk": "65364145493c994f94f6768abeaa22a0", "model": "sessions.session", "fields": {"expire_date": "2012-03-04 13:55:04", "session_data": "NmNlNzgyNjNmNzBkZjkxZjc4YTUzZDlkN2ExZTcxZWNiYzQyYTcwYzqAAn1xAShVEl9hdXRoX3Vz\nZXJfYmFja2VuZHECY2FjdGl2aXR5LmJhY2tlbmRzCkVtYWlsT3JVc2VybmFtZU1vZGVsQmFja2Vu\nZApxA1UNX2F1dGhfdXNlcl9pZEsFdS4=\n"}}, {"pk": "bbeac85b6c73ce2132f9ef241c3b3a37", "model": "sessions.session", "fields": {"expire_date": "2012-03-04 14:50:16", "session_data": "NThhYjJlNWFlMWMyMzBhMGFhNTczNTMzN2QzYzA5NjZjYzlhNDk5OTqAAn1xAShVEl9hdXRoX3Vz\nZXJfYmFja2VuZHECY2FjdGl2aXR5LmJhY2tlbmRzCkVtYWlsT3JVc2VybmFtZU1vZGVsQmFja2Vu\nZApxA1UNX2F1dGhfdXNlcl9pZHEESwZ1Lg==\n"}}, {"pk": "7bcb6f52a638518757eebdff0ec383d2", "model": "sessions.session", "fields": {"expire_date": "2012-03-04 14:51:51", "session_data": "YzEyOTQzMDc2MjhjZjRmYmRlNjVkNzYwMjFmYTAyOWI2NDdkYzRlZjqAAn1xAShVEl9hdXRoX3Vz\nZXJfYmFja2VuZHECVT1kamFuZ29fYWN0aXZpdHkuYWN0aXZpdHkuYmFja2VuZHMuRW1haWxPclVz\nZXJuYW1lTW9kZWxCYWNrZW5kcQNVDV9hdXRoX3VzZXJfaWRxBEsCdS4=\n"}}, {"pk": "e1b5cb4d75b685390bad95b91f495885", "model": "sessions.session", "fields": {"expire_date": "2012-03-04 14:53:23", "session_data": "MDNhYTE3MTk1N2U1ZWI1YjM2NzNhODI5ZDZiYWZlMGU0OGRjNTFjODqAAn1xAVUNX2F1dGhfdXNl\ncl9pZHECSwZzLg==\n"}}, {"pk": "459d1cc8c59ae1635f69e3c71838ddc1", "model": "sessions.session", "fields": {"expire_date": "2012-03-04 15:12:03", "session_data": "ZmY3Mzk4MjU5MjZlOTQ3NzA5ODdlMWNhMDllZjE4MmEyYzg2MWI0ZDqAAn1xAShVEl9hdXRoX3Vz\nZXJfYmFja2VuZHECVT1kamFuZ29fYWN0aXZpdHkuYWN0aXZpdHkuYmFja2VuZHMuRW1haWxPclVz\nZXJuYW1lTW9kZWxCYWNrZW5kcQNVDV9hdXRoX3VzZXJfaWRxBEsGdS4=\n"}}, {"pk": "99e63a02249fa8fd0c97e31516bde80a", "model": "sessions.session", "fields": {"expire_date": "2012-03-05 15:34:07", "session_data": "YzEyOTQzMDc2MjhjZjRmYmRlNjVkNzYwMjFmYTAyOWI2NDdkYzRlZjqAAn1xAShVEl9hdXRoX3Vz\nZXJfYmFja2VuZHECVT1kamFuZ29fYWN0aXZpdHkuYWN0aXZpdHkuYmFja2VuZHMuRW1haWxPclVz\nZXJuYW1lTW9kZWxCYWNrZW5kcQNVDV9hdXRoX3VzZXJfaWRxBEsCdS4=\n"}}, {"pk": 1, "model": "sites.site", "fields": {"domain": "example.com", "name": "example.com"}}, {"pk": 1, "model": "activity.userprofile", "fields": {"confirmation_code": "0NL1WhUhF3fgpbpzRzM1x5w9IomojnuNb", "subscribe": true, "user": 3, "unsubscribe_code": "CHPcyHabBehw6I91FGPrAz9z82gJGVJgt"}}, {"pk": 2, "model": "activity.userprofile", "fields": {"confirmation_code": "UVZu6mthSXuakTHSU58Tn7tDS2Jbi3ZzZ", "subscribe": true, "user": 4, "unsubscribe_code": "nEah6AyQc2E0xuPJsH4gTgrGHMsZR1WyN"}}, {"pk": 3, "model": "activity.userprofile", "fields": {"confirmation_code": "SfSc5UwOD2NLdd5aGXC9XxCDo20I3G1Ny", "subscribe": true, "user": 5, "unsubscribe_code": "NmUb70mla3AdiMRbGWJke9XegPEvgTzRL"}}, {"pk": 4, "model": "activity.userprofile", "fields": {"confirmation_code": "HL1m5IKo3wC50rPxcW610hCMYows93QNI", "subscribe": true, "user": 6, "unsubscribe_code": "kd35RNKtFPWLMC6Mjni6iquIYMh9UBl3y"}}, {"pk": 5, "model": "activity.userprofile", "fields": {"confirmation_code": "123456789012345678901234567890zzz", "subscribe": true, "user": 1, "unsubscribe_code": "123456789012345678901234567890xxx"}}, {"pk": 6, "model": "activity.userprofile", "fields": {"confirmation_code": "123456789012345678901234567890qqq", "subscribe": true, "user": 2, "unsubscribe_code": "123456789012345678901234567890yyy"}}, {"pk": 1, "model": "activity.activity_page", "fields": {"show_email": true, "created": "2012-02-16 12:49:02", "enabled": true, "name": "tennis", "url_code": "tennis"}}, {"pk": 2, "model": "activity.activity_page", "fields": {"show_email": false, "created": "2012-02-20 17:05:14", "enabled": true, "name": "chat", "url_code": "chat"}}, {"pk": 1, "model": "activity.activity_page_user", "fields": {"activity_page": 1, "user": 2, "join_time": "2012-02-16 12:49:13"}}, {"pk": 2, "model": "activity.activity_page_user", "fields": {"activity_page": 1, "user": 1, "join_time": "2012-02-17 16:29:57"}}, {"pk": 3, "model": "activity.activity_page_user", "fields": {"activity_page": 1, "user": 6, "join_time": "2012-02-19 15:12:05"}}, {"pk": 4, "model": "activity.activity_page_user", "fields": {"activity_page": 1, "user": 5, "join_time": "2012-02-19 18:01:47"}}, {"pk": 23, "model": "activity.post", "fields": {"activity_page": 2, "post_time": "2012-02-20 17:05:27", "user": 2}}, {"pk": 22, "model": "activity.post", "fields": {"activity_page": 1, "post_time": "2012-02-20 14:22:52", "user": 2}}, {"pk": 21, "model": "activity.post", "fields": {"activity_page": 1, "post_time": "2012-02-19 18:04:33", "user": 5}}, {"pk": 20, "model": "activity.post", "fields": {"activity_page": 1, "post_time": "2012-02-19 18:04:04", "user": 5}}, {"pk": 19, "model": "activity.post", "fields": {"activity_page": 1, "post_time": "2012-02-19 18:00:56", "user": 5}}, {"pk": 18, "model": "activity.post", "fields": {"activity_page": 1, "post_time": "2012-02-19 18:00:48", "user": 5}}, {"pk": 17, "model": "activity.post", "fields": {"activity_page": 1, "post_time": "2012-02-19 12:54:47", "user": 2}}, {"pk": 16, "model": "activity.post", "fields": {"activity_page": 1, "post_time": "2012-02-19 10:39:22", "user": 2}}, {"pk": 15, "model": "activity.post", "fields": {"activity_page": 1, "post_time": "2012-02-18 23:17:25", "user": 2}}, {"pk": 14, "model": "activity.post", "fields": {"activity_page": 1, "post_time": "2012-02-17 16:41:23", "user": 2}}, {"pk": 13, "model": "activity.post", "fields": {"activity_page": 1, "post_time": "2012-02-17 15:43:23", "user": 2}}, {"pk": 12, "model": "activity.post", "fields": {"activity_page": 1, "post_time": "2012-02-17 15:17:22", "user": 2}}, {"pk": 11, "model": "activity.post", "fields": {"activity_page": 1, "post_time": "2012-02-17 15:08:40", "user": 2}}, {"pk": 10, "model": "activity.post", "fields": {"activity_page": 1, "post_time": "2012-02-17 14:57:58", "user": 2}}, {"pk": 9, "model": "activity.post", "fields": {"activity_page": 1, "post_time": "2012-02-17 14:48:46", "user": 2}}, {"pk": 8, "model": "activity.post", "fields": {"activity_page": 1, "post_time": "2012-02-17 10:44:48", "user": 2}}, {"pk": 7, "model": "activity.post", "fields": {"activity_page": 1, "post_time": "2012-02-16 21:51:55", "user": 2}}, {"pk": 6, "model": "activity.post", "fields": {"activity_page": 1, "post_time": "2012-02-16 21:04:39", "user": 2}}, {"pk": 5, "model": "activity.post", "fields": {"activity_page": 1, "post_time": "2012-02-16 21:04:25", "user": 2}}, {"pk": 4, "model": "activity.post", "fields": {"activity_page": 1, "post_time": "2012-02-16 16:14:55", "user": 2}}, {"pk": 3, "model": "activity.post", "fields": {"activity_page": 1, "post_time": "2012-02-16 15:42:24", "user": 2}}, {"pk": 2, "model": "activity.post", "fields": {"activity_page": 1, "post_time": "2012-02-16 15:36:24", "user": 2}}, {"pk": 1, "model": "activity.post", "fields": {"activity_page": 1, "post_time": "2012-02-16 15:30:02", "user": 2}}, {"pk": 1, "model": "activity.text_post", "fields": {"content": "eat the chiken", "post": 1}}, {"pk": 2, "model": "activity.text_post", "fields": {"content": "eat another chiken", "post": 3}}, {"pk": 3, "model": "activity.text_post", "fields": {"content": "eat the third chiken", "post": 4}}, {"pk": 4, "model": "activity.text_post", "fields": {"content": "hello", "post": 5}}, {"pk": 5, "model": "activity.text_post", "fields": {"content": "this is one of the most beautiful things", "post": 6}}, {"pk": 6, "model": "activity.text_post", "fields": {"content": "yes", "post": 8}}, {"pk": 7, "model": "activity.text_post", "fields": {"content": "test", "post": 9}}, {"pk": 8, "model": "activity.text_post", "fields": {"content": "fdsfds", "post": 10}}, {"pk": 9, "model": "activity.text_post", "fields": {"content": "hello", "post": 11}}, {"pk": 10, "model": "activity.text_post", "fields": {"content": "dsfaasdf dsfsa fdasf dsaf dsaf sadf dsaf sdaf eigfre t rt ret retkregk gf dg fdgkfd;lgkfdg ret ret ret ret ret er tg ffd sg fdg d bvcx bv cxv ", "post": 12}}, {"pk": 11, "model": "activity.text_post", "fields": {"content": "LOL", "post": 14}}, {"pk": 12, "model": "activity.text_post", "fields": {"content": "hello", "post": 15}}, {"pk": 13, "model": "activity.text_post", "fields": {"content": "oh yearh", "post": 16}}, {"pk": 14, "model": "activity.text_post", "fields": {"content": "post", "post": 17}}, {"pk": 15, "model": "activity.text_post", "fields": {"content": "hello", "post": 19}}, {"pk": 16, "model": "activity.text_post", "fields": {"content": "hi", "post": 18}}, {"pk": 17, "model": "activity.text_post", "fields": {"content": "haha", "post": 22}}, {"pk": 18, "model": "activity.text_post", "fields": {"content": "hello", "post": 23}}, {"pk": 1, "model": "activity.event_post", "fields": {"start_datetime": "2012-02-03 02:00:00", "description": "", "title": "fuck", "end_datetime": "2012-02-17 05:00:00", "post": 1, "where": "fuck up"}}, {"pk": 2, "model": "activity.event_post", "fields": {"start_datetime": "2012-02-16 02:30:00", "description": "", "title": "fuck", "end_datetime": "2012-02-17 01:30:00", "post": 2, "where": "fuckupup"}}, {"pk": 3, "model": "activity.event_post", "fields": {"start_datetime": "2012-02-22 03:30:00", "description": "", "title": "fuck", "end_datetime": null, "post": 3, "where": "fuckupup"}}, {"pk": 4, "model": "activity.event_post", "fields": {"start_datetime": "2012-02-17 00:30:00", "description": "oo", "title": "oo", "end_datetime": null, "post": 4, "where": "oo"}}, {"pk": 5, "model": "activity.event_post", "fields": {"start_datetime": "2012-02-17 21:00:00", "description": "", "title": "hello", "end_datetime": null, "post": 7, "where": "hello"}}, {"pk": 6, "model": "activity.event_post", "fields": {"start_datetime": "2012-02-17 19:30:00", "description": "enjoy the tennis with us.", "title": "tennis match", "end_datetime": null, "post": 13, "where": "jjj"}}, {"pk": 7, "model": "activity.event_post", "fields": {"start_datetime": "2012-02-22 20:00:00", "description": "", "title": "what", "end_datetime": null, "post": 20, "where": "where"}}, {"pk": 8, "model": "activity.event_post", "fields": {"start_datetime": "2012-02-19 20:00:00", "description": "enjoy ", "title": "zz", "end_datetime": "2012-02-20 19:00:00", "post": 21, "where": "zz"}}, {"pk": 1, "model": "activity.comment", "fields": {"content": "dsfdsdfs", "comment_time": "2012-02-17 13:34:58", "post": 8, "user": 2}}, {"pk": 2, "model": "activity.comment", "fields": {"content": "aaa", "comment_time": "2012-02-17 13:36:54", "post": 8, "user": 2}}, {"pk": 3, "model": "activity.comment", "fields": {"content": "fasfdsaf", "comment_time": "2012-02-17 13:38:21", "post": 8, "user": 2}}, {"pk": 4, "model": "activity.comment", "fields": {"content": "dsafdasf", "comment_time": "2012-02-17 13:39:26", "post": 8, "user": 2}}, {"pk": 5, "model": "activity.comment", "fields": {"content": "gfgfdsgd", "comment_time": "2012-02-17 13:39:43", "post": 8, "user": 2}}, {"pk": 6, "model": "activity.comment", "fields": {"content": "fgsfdgd", "comment_time": "2012-02-17 13:40:48", "post": 8, "user": 2}}, {"pk": 7, "model": "activity.comment", "fields": {"content": "hello", "comment_time": "2012-02-17 14:18:51", "post": 8, "user": 2}}, {"pk": 8, "model": "activity.comment", "fields": {"content": "hello", "comment_time": "2012-02-17 14:19:23", "post": 8, "user": 2}}, {"pk": 9, "model": "activity.comment", "fields": {"content": "helloaaa", "comment_time": "2012-02-17 14:35:32", "post": 8, "user": 2}}, {"pk": 10, "model": "activity.comment", "fields": {"content": "good job", "comment_time": "2012-02-17 14:41:03", "post": 4, "user": 2}}, {"pk": 11, "model": "activity.comment", "fields": {"content": "hello", "comment_time": "2012-02-17 14:46:58", "post": 6, "user": 2}}, {"pk": 12, "model": "activity.comment", "fields": {"content": "test", "comment_time": "2012-02-17 14:47:37", "post": 6, "user": 2}}, {"pk": 13, "model": "activity.comment", "fields": {"content": "dsfdsf dsf dsafdsa fdas fdsaf dasf dasf adsf dsaf dsa fds fd saf adsfdsa fdas f sdaf dsaf sdf dsa fdsa fasd f adsf dsaf asd fasd fad sf adsf adsf", "comment_time": "2012-02-17 15:17:12", "post": 9, "user": 2}}, {"pk": 14, "model": "activity.comment", "fields": {"content": "hjh", "comment_time": "2012-02-18 20:46:44", "post": 14, "user": 2}}, {"pk": 15, "model": "activity.comment", "fields": {"content": "gjhgh", "comment_time": "2012-02-18 20:46:49", "post": 3, "user": 2}}, {"pk": 16, "model": "activity.comment", "fields": {"content": "say hi", "comment_time": "2012-02-18 23:17:16", "post": 14, "user": 2}}, {"pk": 17, "model": "activity.comment", "fields": {"content": "oh yeah", "comment_time": "2012-02-19 10:39:18", "post": 15, "user": 2}}, {"pk": 18, "model": "activity.comment", "fields": {"content": "hello", "comment_time": "2012-02-19 12:54:32", "post": 16, "user": 2}}, {"pk": 19, "model": "activity.comment", "fields": {"content": "enjoiy", "comment_time": "2012-02-19 12:54:36", "post": 16, "user": 2}}, {"pk": 20, "model": "activity.comment", "fields": {"content": "fdsaf", "comment_time": "2012-02-19 12:56:34", "post": 17, "user": 2}}, {"pk": 21, "model": "activity.comment", "fields": {"content": "he", "comment_time": "2012-02-19 13:17:47", "post": 17, "user": 2}}, {"pk": 22, "model": "activity.comment", "fields": {"content": "enjoy", "comment_time": "2012-02-19 15:45:11", "post": 17, "user": 6}}, {"pk": 23, "model": "activity.comment", "fields": {"content": "sure let's meet", "comment_time": "2012-02-19 18:01:54", "post": 14, "user": 5}}, {"pk": 24, "model": "activity.comment", "fields": {"content": "hello", "comment_time": "2012-02-19 18:02:56", "post": 16, "user": 5}}, {"pk": 25, "model": "activity.comment", "fields": {"content": "enjoy it", "comment_time": "2012-02-19 18:03:01", "post": 10, "user": 5}}, {"pk": 26, "model": "activity.comment", "fields": {"content": "good job", "comment_time": "2012-02-19 18:03:16", "post": 19, "user": 5}}, {"pk": 27, "model": "activity.comment", "fields": {"content": "yes. let's meet at the right place", "comment_time": "2012-02-19 18:03:32", "post": 2, "user": 5}}, {"pk": 28, "model": "activity.comment", "fields": {"content": "can you send me an email", "comment_time": "2012-02-19 18:03:35", "post": 2, "user": 5}}, {"pk": 29, "model": "activity.comment", "fields": {"content": "I really want to enjoy this event", "comment_time": "2012-02-19 18:03:43", "post": 3, "user": 5}}, {"pk": 30, "model": "activity.comment", "fields": {"content": "hello", "comment_time": "2012-02-19 18:03:49", "post": 3, "user": 5}}, {"pk": 31, "model": "activity.comment", "fields": {"content": "..", "comment_time": "2012-02-19 18:04:39", "post": 21, "user": 5}}, {"pk": 32, "model": "activity.comment", "fields": {"content": "hello", "comment_time": "2012-02-20 14:22:34", "post": 20, "user": 2}}, {"pk": 33, "model": "activity.comment", "fields": {"content": "enjoy the group", "comment_time": "2012-02-20 14:22:41", "post": 20, "user": 2}}, {"pk": 34, "model": "activity.comment", "fields": {"content": "let's write the first comment", "comment_time": "2012-02-20 14:23:06", "post": 22, "user": 2}}, {"pk": 26, "model": "admin.logentry", "fields": {"action_flag": 1, "action_time": "2012-02-20 17:05:43", "object_repr": "Post by ruixia on chat at 2012-02-20 17:05:27.582000:hello", "object_id": "18", "change_message": "", "user": 2, "content_type": 11}}, {"pk": 25, "model": "admin.logentry", "fields": {"action_flag": 1, "action_time": "2012-02-20 17:05:27", "object_repr": "Post by ruixia on chat at 2012-02-20 17:05:27.582000", "object_id": "23", "change_message": "", "user": 2, "content_type": 10}}, {"pk": 24, "model": "admin.logentry", "fields": {"action_flag": 1, "action_time": "2012-02-20 17:05:14", "object_repr": "chat", "object_id": "2", "change_message": "", "user": 2, "content_type": 8}}, {"pk": 23, "model": "admin.logentry", "fields": {"action_flag": 2, "action_time": "2012-02-20 15:59:36", "object_repr": "zz", "object_id": "3", "change_message": "Changed is_active.", "user": 2, "content_type": 3}}, {"pk": 22, "model": "admin.logentry", "fields": {"action_flag": 2, "action_time": "2012-02-20 15:46:17", "object_repr": "zz", "object_id": "3", "change_message": "Changed email.", "user": 2, "content_type": 3}}, {"pk": 21, "model": "admin.logentry", "fields": {"action_flag": 2, "action_time": "2012-02-20 15:46:13", "object_repr": "ruixia", "object_id": "2", "change_message": "Changed email.", "user": 2, "content_type": 3}}, {"pk": 20, "model": "admin.logentry", "fields": {"action_flag": 2, "action_time": "2012-02-20 15:46:07", "object_repr": "rui", "object_id": "1", "change_message": "Changed email.", "user": 2, "content_type": 3}}, {"pk": 19, "model": "admin.logentry", "fields": {"action_flag": 2, "action_time": "2012-02-20 15:46:01", "object_repr": "qq", "object_id": "5", "change_message": "Changed email.", "user": 2, "content_type": 3}}, {"pk": 18, "model": "admin.logentry", "fields": {"action_flag": 2, "action_time": "2012-02-20 15:45:55", "object_repr": "o", "object_id": "4", "change_message": "Changed email.", "user": 2, "content_type": 3}}, {"pk": 17, "model": "admin.logentry", "fields": {"action_flag": 2, "action_time": "2012-02-20 15:45:48", "object_repr": "i", "object_id": "6", "change_message": "Changed email.", "user": 2, "content_type": 3}}, {"pk": 16, "model": "admin.logentry", "fields": {"action_flag": 1, "action_time": "2012-02-20 15:35:02", "object_repr": "ruixia", "object_id": "6", "change_message": "", "user": 2, "content_type": 16}}, {"pk": 15, "model": "admin.logentry", "fields": {"action_flag": 1, "action_time": "2012-02-20 15:34:51", "object_repr": "rui", "object_id": "5", "change_message": "", "user": 2, "content_type": 16}}, {"pk": 14, "model": "admin.logentry", "fields": {"action_flag": 1, "action_time": "2012-02-19 18:01:19", "object_repr": "Post by qq on tennis at 2012-02-19 18:00:48.940000:hi", "object_id": "16", "change_message": "", "user": 2, "content_type": 11}}, {"pk": 13, "model": "admin.logentry", "fields": {"action_flag": 1, "action_time": "2012-02-19 18:01:14", "object_repr": "Post by qq on tennis at 2012-02-19 18:00:56.578000:hello", "object_id": "15", "change_message": "", "user": 2, "content_type": 11}}, {"pk": 12, "model": "admin.logentry", "fields": {"action_flag": 1, "action_time": "2012-02-19 18:00:56", "object_repr": "Post by qq on tennis at 2012-02-19 18:00:56.578000", "object_id": "19", "change_message": "", "user": 2, "content_type": 10}}, {"pk": 11, "model": "admin.logentry", "fields": {"action_flag": 1, "action_time": "2012-02-19 18:00:48", "object_repr": "Post by qq on tennis at 2012-02-19 18:00:48.940000", "object_id": "18", "change_message": "", "user": 2, "content_type": 10}}, {"pk": 10, "model": "admin.logentry", "fields": {"action_flag": 2, "action_time": "2012-02-19 14:52:23", "object_repr": "i", "object_id": "6", "change_message": "Changed is_active.", "user": 2, "content_type": 3}}, {"pk": 9, "model": "admin.logentry", "fields": {"action_flag": 2, "action_time": "2012-02-17 19:48:39", "object_repr": "tennis", "object_id": "1", "change_message": "Changed show_email.", "user": 2, "content_type": 8}}, {"pk": 8, "model": "admin.logentry", "fields": {"action_flag": 1, "action_time": "2012-02-17 16:29:57", "object_repr": "Activity_Page_User object", "object_id": "2", "change_message": "", "user": 2, "content_type": 9}}, {"pk": 7, "model": "admin.logentry", "fields": {"action_flag": 1, "action_time": "2012-02-16 16:39:23", "object_repr": "Post by ruixia on tennis at 2012-02-16 16:14:55.510000:eat the third chiken", "object_id": "3", "change_message": "", "user": 2, "content_type": 11}}, {"pk": 6, "model": "admin.logentry", "fields": {"action_flag": 1, "action_time": "2012-02-16 16:39:10", "object_repr": "Post by ruixia on tennis at 2012-02-16 15:42:24.560000:eat another chiken", "object_id": "2", "change_message": "", "user": 2, "content_type": 11}}, {"pk": 5, "model": "admin.logentry", "fields": {"action_flag": 1, "action_time": "2012-02-16 16:39:00", "object_repr": "Post by ruixia on tennis at 2012-02-16 15:30:02.266000:eat the chiken", "object_id": "1", "change_message": "", "user": 2, "content_type": 11}}, {"pk": 4, "model": "admin.logentry", "fields": {"action_flag": 1, "action_time": "2012-02-16 12:49:02", "object_repr": "tennis", "object_id": "1", "change_message": "", "user": 2, "content_type": 8}}, {"pk": 3, "model": "admin.logentry", "fields": {"action_flag": 2, "action_time": "2012-02-16 12:18:36", "object_repr": "ruixia", "object_id": "2", "change_message": "Changed is_staff.", "user": 1, "content_type": 3}}, {"pk": 2, "model": "admin.logentry", "fields": {"action_flag": 2, "action_time": "2012-02-16 12:18:31", "object_repr": "ruixia", "object_id": "2", "change_message": "Changed is_superuser.", "user": 1, "content_type": 3}}, {"pk": 1, "model": "admin.logentry", "fields": {"action_flag": 2, "action_time": "2012-02-16 12:18:19", "object_repr": "rui", "object_id": "1", "change_message": "Changed email.", "user": 1, "content_type": 3}}, {"pk": 1, "model": "south.migrationhistory", "fields": {"applied": "2012-02-16 19:29:06", "app_name": "activity", "migration": "0001_initial"}}, {"pk": 2, "model": "south.migrationhistory", "fields": {"applied": "2012-02-17 18:39:03", "app_name": "activity", "migration": "0002_auto__add_userprofile"}}, {"pk": 3, "model": "south.migrationhistory", "fields": {"applied": "2012-02-18 03:42:53", "app_name": "activity", "migration": "0003_auto__add_field_activity_page_user_show_email"}}, {"pk": 4, "model": "south.migrationhistory", "fields": {"applied": "2012-02-18 03:48:33", "app_name": "activity", "migration": "0004_auto__del_field_activity_page_user_show_email__add_field_activity_page"}}, {"pk": 5, "model": "south.migrationhistory", "fields": {"applied": "2012-02-18 23:52:27", "app_name": "activity", "migration": "0005_auto__add_field_userprofile_subscribe__add_field_userprofile_unsubscri"}}]